slug,name,start_date,end_date,page_url,distances_km
bodrun-ultra-maratonu,BODRUN Ultra,2026-02-15,2026-02-15,https://yarisradari.com/yaris/bodrun-ultra-maratonu,60.0;34.0;22.0;10.0;5.0
iznik-ultra-maratonu,İznik Ultra Maratonu,2026-04-10,2026-04-12,https://yarisradari.com/yaris/iznik-ultra-maratonu,165.1;88.1;76.6;49.0;24.5;14.0;5.0
salomon-cesme-yari-maratonu,Salomon Çeşme Yarı Maratonu,2026-05-09,2026-05-10,https://yarisradari.com/yaris/salomon-cesme-yari-maratonu,21.1;10.0;5.0
efeler-yolu-ultra-trail,Efeler Yolu Ultra-Trail,2026-05-16,2026-05-17,https://yarisradari.com/yaris/efeler-yolu-ultra-trail,95.29;82.33;50.0;30.0;15.0;5.0
oyak-65-yil-kosusu,Oyak 65. Yıl Koşusu,2026-06-14,2026-06-14,https://yarisradari.com/yaris/oyak-65-yil-kosusu,
uludag-premium-ultra-trail,Uludağ Ultra Trail,2026-07-18,2026-07-19,https://yarisradari.com/yaris/uludag-premium-ultra-trail,73.0;44.0;30.0;16.0;6.0
bucovina-ultra-rocks-by-utmb,Bucovina Ultra Rocks by UTMB,2026-07-24,2026-07-26,https://yarisradari.com/yaris/bucovina-ultra-rocks-by-utmb,114.0;72.0;48.0;33.0;20.0;16.5;5.0
evden-bi-kosu-iznik,Evden Bi Koşu İznik,2026-07-26,2026-07-26,https://yarisradari.com/yaris/evden-bi-kosu-iznik,10.0
quito-trail-ecuador-by-utmb,Quito Trail Ecuador by UTMB®,2026-07-31,2026-08-02,https://yarisradari.com/yaris/quito-trail-ecuador-by-utmb,76.0;53.0;31.0;20.0;13.0;6.5
gauja-trail-by-utmb,Gauja Trail by UTMB,2026-08-01,2026-08-02,https://yarisradari.com/yaris/gauja-trail-by-utmb,91.0;53.0;21.0;13.5;6.0;1.6
hyrox-istanbul,HYROX Istanbul,2026-08-01,2026-08-01,https://yarisradari.com/yaris/hyrox-istanbul,8.0
konya-ultra-trail,Konya Ultra,2026-08-01,2026-08-01,https://yarisradari.com/yaris/konya-ultra-trail,74.0;55.0;30.0;16.0;5.0
korfez-10k-kiraz-kosusu-ve-spor-festivali,Körfez 10K Kiraz Koşusu ve Spor Festivali,2026-08-02,2026-08-02,https://yarisradari.com/yaris/korfez-10k-kiraz-kosusu-ve-spor-festivali,10.0
kat100-by-utmb,KAT100 by UTMB,2026-08-06,2026-08-08,https://yarisradari.com/yaris/kat100-by-utmb,169.0;75.0;51.0;24.0;8.0
borealys-mont-tremblant-by-utmb,Boréalys Mont-Tremblant by UTMB,2026-08-14,2026-08-16,https://yarisradari.com/yaris/borealys-mont-tremblant-by-utmb,81.0;46.4;26.6;14.5;5.8
bogazici-triatlonu,İstanbul Boğaziçi Triatlonu,2026-08-15,2026-08-16,https://yarisradari.com/yaris/bogazici-triatlonu,52.2
ultra-abant,Ultra Abant,2026-08-15,2026-08-15,https://yarisradari.com/yaris/ultra-abant,60.0;34.0;18.0;6.0
runfire-salt-lake,Runfire Salt Lake Ultra Trail,2026-08-21,2026-08-21,https://yarisradari.com/yaris/runfire-salt-lake,160.9;80.0;40.0;20.0;15.0;10.0
ultra-trail-whistler-by-utmb,Ultra Trail Whistler by UTMB,2026-08-21,2026-08-23,https://yarisradari.com/yaris/ultra-trail-whistler-by-utmb,100.0;50.0;12.0
davraz-sky-run,Davraz Sky Run,2026-08-22,2026-08-22,https://yarisradari.com/yaris/davraz-sky-run,25.0;10.0
bogazici-kitalararasi-yuzme-yarisi,Boğaziçi Kıtalararası Yüzme Yarışı,2026-08-23,2026-08-23,https://yarisradari.com/yaris/bogazici-kitalararasi-yuzme-yarisi,6.5
gomec-ataturk-yol-kosusu,Gömeç Atatürk Yol Koşusu,2026-08-23,,https://yarisradari.com/yaris/gomec-ataturk-yol-kosusu,10.0
gran-fondo-baskent,Gran Fondo Başkent,2026-08-23,2026-08-23,https://yarisradari.com/yaris/gran-fondo-baskent,90.61;56.6
yesilay-yari-maratonu,Yeşilay Yarı Maratonu,2026-08-23,2026-08-23,https://yarisradari.com/yaris/yesilay-yari-maratonu,10.0
hoka-utmb-mont-blanc,HOKA UTMB Mont-Blanc,2026-08-24,2026-08-30,https://yarisradari.com/yaris/hoka-utmb-mont-blanc,174.0;145.0;101.0;60.0;40.0;15.0
kocaeli-ultra-trail,Kocaeli Ultra Trail,2026-08-29,2026-08-29,https://yarisradari.com/yaris/kocaeli-ultra-trail,50.0;15.0
trans-anatolia,Trans Anatolia,2026-08-29,2026-08-29,https://yarisradari.com/yaris/trans-anatolia,
canakkale-bogazi-yuzme-yarismasi,Çanakkale Boğazı Yüzme Yarışması,2026-08-30,,https://yarisradari.com/yaris/canakkale-bogazi-yuzme-yarismasi,6.5;4.5
mugla-zafer-kosusu,Muğla Zafer Koşusu,2026-08-30,2026-08-30,https://yarisradari.com/yaris/mugla-zafer-kosusu,8.0
sydney-maratonu,Sydney Maratonu,2026-08-30,2026-08-30,https://yarisradari.com/yaris/sydney-maratonu,42.0
izmir-kurtulus-oryantiring-gunleri,İzmir Kurtuluş Oryantiring Günleri,2026-09-03,2026-09-06,https://yarisradari.com/yaris/izmir-kurtulus-oryantiring-gunleri,
egrekkaya-ultra-trail,Kızılcahamam Eğrekkaya Trail,2026-09-05,2026-09-05,https://yarisradari.com/yaris/egrekkaya-ultra-trail,36.0;18.0;12.0;11.0;6.0
istanbul-ultra,Merrell İstanbul Ultra,2026-09-05,2026-09-05,https://yarisradari.com/yaris/istanbul-ultra,60.0;30.0;15.0;5.0
edirne-yari-maratonu,Uluslararası Edirne Maratonu,2026-09-06,2026-09-06,https://yarisradari.com/yaris/edirne-yari-maratonu,21.0;10.0;5.0
hybrid-track-race,Hybrid Track Race,2026-09-06,2026-09-06,https://yarisradari.com/yaris/hybrid-track-race,
ismail-akcay-kosusu,İsmail Akçay Koşusu,2026-09-06,2026-09-06,https://yarisradari.com/yaris/ismail-akcay-kosusu,10.0
summer-run-istanbul,Summer Run İstanbul,2026-09-06,2026-09-06,https://yarisradari.com/yaris/summer-run-istanbul,21.0975;10.0;5.0
snowbasin-by-utmb,Snowbasin by UTMB,2026-09-10,2026-09-12,https://yarisradari.com/yaris/snowbasin-by-utmb,59.0;29.0
wildstrubel-by-utmb,Wildstrubel by UTMB®,2026-09-10,2026-09-13,https://yarisradari.com/yaris/wildstrubel-by-utmb,113.0;72.0;55.0;42.0;26.0;10.0
jd-ultra-trail-great-wall-by-utmb,JD Ultra-Trail Great Wall by UTMB®,2026-09-11,2026-09-13,https://yarisradari.com/yaris/jd-ultra-trail-great-wall-by-utmb,100.0;68.0;52.0;31.0
kackar-by-utmb,Kaçkar by UTMB,2026-09-11,2026-09-13,https://yarisradari.com/yaris/kackar-by-utmb,82.0;44.0;20.0;4.0
malaysia-ultra-trail-by-utmb,Malaysia Ultra-Trail by UTMB,2026-09-11,2026-09-13,https://yarisradari.com/yaris/malaysia-ultra-trail-by-utmb,100.0;50.0;20.0
quicksilver-beach-run,Quicksilver Beach Run,2026-09-12,2026-09-12,https://yarisradari.com/yaris/quicksilver-beach-run,
1-amasra-cesm-i-cihan-kosusu,1. Amasra Çeşm-i Cihan Koşusu,2026-09-13,2026-09-13,https://yarisradari.com/yaris/1-amasra-cesm-i-cihan-kosusu,7.0
14-uluslararasi-9-eylul-izmir-yari-maratonu,14. Uluslararası 9 Eylül İzmir Yarı Maratonu,2026-09-13,2026-09-13,https://yarisradari.com/yaris/14-uluslararasi-9-eylul-izmir-yari-maratonu,21.0
ayvalik-yari-maratonu,Ayvalık Yarı Maratonu,2026-09-13,2026-09-13,https://yarisradari.com/yaris/ayvalik-yari-maratonu,21.0;10.0;5.0
summer-run-bozcaada,Summer Run Bozcaada,2026-09-13,2026-09-13,https://yarisradari.com/yaris/summer-run-bozcaada,10.0;5.0
grindstone-trail-running-festival,Grindstone Trail Running Festival,2026-09-17,2026-09-20,https://yarisradari.com/yaris/grindstone-trail-running-festival,167.4;100.0;50.0;21.0
hyrox-maastricht,HYROX Maastricht,2026-09-17,2026-09-20,https://yarisradari.com/yaris/hyrox-maastricht,8.0
hyrox-mumbai,HYROX Mumbai,2026-09-17,2026-09-20,https://yarisradari.com/yaris/hyrox-mumbai,8.0
paraty-brazil-by-utmb,Paraty Brazil by UTMB,2026-09-17,2026-09-20,https://yarisradari.com/yaris/paraty-brazil-by-utmb,101.0;53.0;34.0;25.0;17.0;7.0
hyrox-salt-lake-city,HYROX Salt Lake City,2026-09-18,2026-09-20,https://yarisradari.com/yaris/hyrox-salt-lake-city,8.0
julian-alps-trail-run-by-utmb,Julian Alps Trail Run by UTMB,2026-09-18,2026-09-20,https://yarisradari.com/yaris/julian-alps-trail-run-by-utmb,122.0;80.0;55.0;25.0;17.0;11.0
11-ultimate-cunda,11. Ultimate CUNDA,2026-09-19,2026-09-19,https://yarisradari.com/yaris/11-ultimate-cunda,12.0;7.0
hyrox-izmir,HYROX İzmir,2026-09-19,2026-09-19,https://yarisradari.com/yaris/hyrox-izmir,8.0
mudanya-triatlonu-turkiye-kupasi-finali,Mudanya Triatlonu Türkiye Kupası Finali,2026-09-19,2026-09-20,https://yarisradari.com/yaris/mudanya-triatlonu-turkiye-kupasi-finali,
6-uluslararasi-kayseri-yari-maratonu,6. Uluslararası Kayseri Yarı Maratonu,2026-09-20,2026-09-20,https://yarisradari.com/yaris/6-uluslararasi-kayseri-yari-maratonu,21.0;10.0
anadolu-sigorta-bir-adim-daha,Anadolu Sigorta Bir Adım Daha - 10K,2026-09-20,2026-09-20,https://yarisradari.com/yaris/anadolu-sigorta-bir-adim-daha,10.0;5.0
letape-turkiye-istanbul,L'Étape Türkiye by Tour de France,2026-09-20,,https://yarisradari.com/yaris/letape-turkiye-istanbul,105.0;52.4
tuzla-10k-5k-yol-kosusu,Tuzla Run Fest,2026-09-20,2026-09-20,https://yarisradari.com/yaris/tuzla-10k-5k-yol-kosusu,10.0;5.0
hyrox-rome,HYROX Rome,2026-09-23,2026-09-27,https://yarisradari.com/yaris/hyrox-rome,8.0
nice-cote-d-azur-by-utmb,Nice Côte d'Azur by UTMB®,2026-09-24,2026-09-27,https://yarisradari.com/yaris/nice-cote-d-azur-by-utmb,168.0;113.0;50.0;39.0;23.0
the-north-face-src-belgrad-test-kosusu,The North Face SRC Belgrad Test Koşusu,2026-09-24,2026-09-24,https://yarisradari.com/yaris/the-north-face-src-belgrad-test-kosusu,
hyrox-oslo,HYROX Oslo,2026-09-25,2026-09-27,https://yarisradari.com/yaris/hyrox-oslo,8.0
ankara-botanik-backyard,Ankara Botanik Backyard Ultra,2026-09-26,2026-09-26,https://yarisradari.com/yaris/ankara-botanik-backyard,6.7
cennet-cehennem-merdiven-challenge,Cennet Cehennem Merdiven Challenge,2026-09-26,2026-09-26,https://yarisradari.com/yaris/cennet-cehennem-merdiven-challenge,
gokova-yari-maratonu,Gökova Run Fest,2026-09-26,2026-09-27,https://yarisradari.com/yaris/gokova-yari-maratonu,21.0;10.0;5.0
spartathlon,Spartathlon,2026-09-26,2026-09-27,https://yarisradari.com/yaris/spartathlon,246.0
1-asmmmo,ASMMMO 10K Yol Koşusu,2026-09-27,2026-09-27,https://yarisradari.com/yaris/1-asmmmo,10.0
berlin-maratonu,Berlin Maratonu,2026-09-27,2026-09-27,https://yarisradari.com/yaris/berlin-maratonu,42.0
buyukada-yari-maratonu,Decathlon Büyükada Yarı Maratonu 2026,2026-09-27,2026-09-27,https://yarisradari.com/yaris/buyukada-yari-maratonu,21.0;10.0;5.0
duzce-efteni-duatlonu,Düzce Efteni Duatlonu,2026-09-27,2026-09-27,https://yarisradari.com/yaris/duzce-efteni-duatlonu,26.0
iskele-yari-maratonu,İskele Yarı Maratonu,2026-09-27,2026-09-27,https://yarisradari.com/yaris/iskele-yari-maratonu,21.0;10.0
krallar-vadisi-yari-maratonu,Krallar Vadisi Yarı Maratonu,2026-09-27,2026-09-27,https://yarisradari.com/yaris/krallar-vadisi-yari-maratonu,21.0;10.0
urla-da-biriz-sosyal-sorumluluk-kosusu,UREV Urla'da Biriz Koşusu,2026-09-27,2026-09-27,https://yarisradari.com/yaris/urla-da-biriz-sosyal-sorumluluk-kosusu,10.0;5.0
ekinoks-kosusu-antalya,Ekinoks Koşusu - Antalya,2026-09-28,2026-09-28,https://yarisradari.com/yaris/ekinoks-kosusu-antalya,10.0
hyrox-bordeaux,HYROX Bordeaux,2026-09-30,2026-10-04,https://yarisradari.com/yaris/hyrox-bordeaux,8.0
chihuahua-by-utmb,Chihuahua by UTMB®,2026-10-01,2026-10-03,https://yarisradari.com/yaris/chihuahua-by-utmb,118.0;94.0;58.0;39.0;21.0;9.0
hyrox-karlsruhe,HYROX Karlsruhe,2026-10-01,2026-10-04,https://yarisradari.com/yaris/hyrox-karlsruhe,8.0
hyrox-toronto,HYROX Toronto,2026-10-01,2026-10-04,https://yarisradari.com/yaris/hyrox-toronto,8.0
transjeju-by-utmb,TransJeju by UTMB,2026-10-02,2026-10-04,https://yarisradari.com/yaris/transjeju-by-utmb,148.0;104.0;60.0;20.0
15-uluslararasi-afsin-elbistan-ultramaraton-sampiyonasi,Elbistan Ultra Maratonu,2026-10-03,2026-10-03,https://yarisradari.com/yaris/15-uluslararasi-afsin-elbistan-ultramaraton-sampiyonasi,100.0
15-uluslararasi-afsin-elbistan-ultramaraton-sampiyonasi-kahramanmaras,15. Uluslararası Afşin Elbistan Ultramaraton Şampiyonası,2026-10-03,2026-10-03,https://yarisradari.com/yaris/15-uluslararasi-afsin-elbistan-ultramaraton-sampiyonasi-kahramanmaras,
beypazari-ultra-trail,Beypazarı Ultra Trail,2026-10-03,2026-10-03,https://yarisradari.com/yaris/beypazari-ultra-trail,52.0;39.0;19.0;8.0
dogus-holding-nigde-yari-maratonu,Doğuş Holding Niğde Yarı Maratonu /,2026-10-03,2026-10-03,https://yarisradari.com/yaris/dogus-holding-nigde-yari-maratonu,21.0;10.0;5.0
bodrum-yari-maratonu,Bodrum Yarı Maratonu,2026-10-04,2026-10-04,https://yarisradari.com/yaris/bodrum-yari-maratonu,21.0;10.0;5.0
canakkale-gran-fondo,Çanakkale Gran Fondo,2026-10-04,,https://yarisradari.com/yaris/canakkale-gran-fondo,
eker-i-run-yol-kosusu,Eker I Run Koşusu,2026-10-04,2026-10-04,https://yarisradari.com/yaris/eker-i-run-yol-kosusu,42.0;15.0;5.0;2.0
ironman-70-3-buenos-aires-palermo,IRONMAN 70.3 Buenos Aires Palermo,2026-10-04,2026-10-04,https://yarisradari.com/yaris/ironman-70-3-buenos-aires-palermo,113.1
ironman-70-3-waco,IRONMAN 70.3 Waco,2026-10-04,2026-10-04,https://yarisradari.com/yaris/ironman-70-3-waco,113.1
ironman-calella-barcelona,IRONMAN Calella-Barcelona,2026-10-04,2026-10-04,https://yarisradari.com/yaris/ironman-calella-barcelona,226.3
ironman-gurye-korea,IRONMAN Gurye Korea,2026-10-04,2026-10-04,https://yarisradari.com/yaris/ironman-gurye-korea,226.3
istanbul-u-kosuyorum-avrupa-etabi-yenikapi,İstanbul’u Koşuyorum Avrupa Etabı – Yenikapı,2026-10-04,2026-10-04,https://yarisradari.com/yaris/istanbul-u-kosuyorum-avrupa-etabi-yenikapi,10.0
sinop-egitim-vakfi-sinop-yari-maratonu,Sinop Eğitim Vakfı Sinop Yarı Maratonu,2026-10-04,2026-10-04,https://yarisradari.com/yaris/sinop-egitim-vakfi-sinop-yari-maratonu,21.0;10.0;5.0
hoka-kodiak-ultra-marathons-by-utmb,HOKA Kodiak Ultra Marathons by UTMB,2026-10-08,2026-10-11,https://yarisradari.com/yaris/hoka-kodiak-ultra-marathons-by-utmb,99.7;49.0;10.0
hyrox-boston,HYROX Boston,2026-10-08,2026-10-11,https://yarisradari.com/yaris/hyrox-boston,8.0
fast5-belgrad-forest,Fast5 Belgrad Forest,2026-10-09,2026-10-09,https://yarisradari.com/yaris/fast5-belgrad-forest,6.0
hyrox-geneva,HYROX Geneva,2026-10-09,2026-10-11,https://yarisradari.com/yaris/hyrox-geneva,8.0
ironman-world-championship,IRONMAN World Championship,2026-10-10,2026-10-10,https://yarisradari.com/yaris/ironman-world-championship,226.3
iskenderun-korfezi-yuzme-maratonu,İskenderun Körfezi Yüzme Maratonu,2026-10-10,2026-10-10,https://yarisradari.com/yaris/iskenderun-korfezi-yuzme-maratonu,39.0
kyzikos-ultra,Kyzikos Ultra Maratonu,2026-10-10,2026-10-11,https://yarisradari.com/yaris/kyzikos-ultra,65.0;35.0;20.0;10.0;5.0
oludeniz-open-water,Ölüdeniz Open Water,2026-10-10,2026-10-11,https://yarisradari.com/yaris/oludeniz-open-water,6.0;4.0;3.0;2.0;1.0
chicago-maratonu,Chicago Maratonu,2026-10-11,2026-10-11,https://yarisradari.com/yaris/chicago-maratonu,42.0
cumhurbaskanligi-yari-maratonu,Cumhurbaşkanlığı Yarı Maratonu,2026-10-11,2026-10-11,https://yarisradari.com/yaris/cumhurbaskanligi-yari-maratonu,21.0;10.0;6.1;5.0;4.4
gelibolu-maratonu,Gelibolu Maratonu,2026-10-11,2026-10-11,https://yarisradari.com/yaris/gelibolu-maratonu,42.0;21.0;10.0;1.915
girne-yari-maratonu,Girne Yarı Maratonu,2026-10-11,,https://yarisradari.com/yaris/girne-yari-maratonu,21.0975;10.0;5.0;3.0;1.0
ironman-70-3-encarnacion,IRONMAN 70.3 Encarnacion,2026-10-11,2026-10-11,https://yarisradari.com/yaris/ironman-70-3-encarnacion,113.1
ironman-70-3-versailles,IRONMAN 70.3 Versailles,2026-10-11,2026-10-11,https://yarisradari.com/yaris/ironman-70-3-versailles,113.1
yalova-gran-fondo,Yalova Gran Fondo,2026-10-11,2026-10-11,https://yarisradari.com/yaris/yalova-gran-fondo,82.0;58.0;55.0
taurus-mountain-race,Taurus Mountain Race,2026-10-14,2026-10-24,https://yarisradari.com/yaris/taurus-mountain-race,1400.0
hyrox-valencia,HYROX Valencia,2026-10-15,2026-10-18,https://yarisradari.com/yaris/hyrox-valencia,8.0
the-north-face-src-x-kapadokya-test-kosusu,The North Face SRC x Kapadokya Test Koşusu,2026-10-15,2026-10-15,https://yarisradari.com/yaris/the-north-face-src-x-kapadokya-test-kosusu,
cappadocia-ultra-trail,Salomon Cappadocia Ultra-Trail,2026-10-16,2026-10-17,https://yarisradari.com/yaris/cappadocia-ultra-trail,119.0;63.0;38.0;14.0
ironman-70-3-sharm-el-sheikh-egypt,"IRONMAN 70.3 Sharm El-Sheikh, Egypt",2026-10-16,2026-10-16,https://yarisradari.com/yaris/ironman-70-3-sharm-el-sheikh-egypt,113.1
ultra-trail-mount-yun-by-utmb,Ultra-Trail Mount Yun by UTMB®,2026-10-16,2026-10-18,https://yarisradari.com/yaris/ultra-trail-mount-yun-by-utmb,166.0;97.0;48.0;22.0
hyrox-budapest,HYROX Budapest,2026-10-17,2026-10-17,https://yarisradari.com/yaris/hyrox-budapest,8.0
hyrox-sao-paulo,HYROX São Paulo,2026-10-17,2026-10-18,https://yarisradari.com/yaris/hyrox-sao-paulo,8.0
ironman-70-3-north-carolina,IRONMAN 70.3 North Carolina,2026-10-17,2026-10-17,https://yarisradari.com/yaris/ironman-70-3-north-carolina,113.1
ironman-70-3-portugal-cascais,IRONMAN 70.3 Portugal-Cascais,2026-10-17,2026-10-17,https://yarisradari.com/yaris/ironman-70-3-portugal-cascais,113.1
ironman-portugal-cascais,IRONMAN Portugal-Cascais,2026-10-17,2026-10-17,https://yarisradari.com/yaris/ironman-portugal-cascais,226.3
2-uluslar-arasi-ordu-yari-maratonu,2. Uluslararası Ordu Yarı Maratonu,2026-10-18,2026-10-18,https://yarisradari.com/yaris/2-uluslar-arasi-ordu-yari-maratonu,21.0;10.0
amsterdam-maratonu,Amsterdam Maratonu,2026-10-18,2026-10-18,https://yarisradari.com/yaris/amsterdam-maratonu,42.0
bosphorun-quarter-marathon-bebek,Bosphorun Quarter Marathon Bebek,2026-10-18,2026-10-18,https://yarisradari.com/yaris/bosphorun-quarter-marathon-bebek,10.5
ironman-70-3-florianopolis,IRONMAN 70.3 Florianopolis,2026-10-18,2026-10-18,https://yarisradari.com/yaris/ironman-70-3-florianopolis,113.1
ironman-70-3-malaga,IRONMAN 70.3 Málaga,2026-10-18,2026-10-18,https://yarisradari.com/yaris/ironman-70-3-malaga,113.1
ironman-70-3-porec,IRONMAN 70.3 Poreč,2026-10-18,2026-10-18,https://yarisradari.com/yaris/ironman-70-3-porec,113.1
ironman-70-3-port-macquarie,IRONMAN 70.3 Port Macquarie,2026-10-18,2026-10-18,https://yarisradari.com/yaris/ironman-70-3-port-macquarie,113.1
ironman-australia,IRONMAN Australia,2026-10-18,2026-10-18,https://yarisradari.com/yaris/ironman-australia,226.3
ironman-california,IRONMAN California,2026-10-18,2026-10-18,https://yarisradari.com/yaris/ironman-california,226.3
uluslararasi-corlu-yari-maratonu,Uluslararası Çorlu Yarı Maratonu,2026-10-18,2026-10-18,https://yarisradari.com/yaris/uluslararasi-corlu-yari-maratonu,21.0;10.0
yalova-yuruyen-kosk-kosusu,Yalova Yürüyen Köşk Koşusu,2026-10-18,2026-10-18,https://yarisradari.com/yaris/yalova-yuruyen-kosk-kosusu,10.0
hyrox-tampa,HYROX Tampa,2026-10-22,2026-10-25,https://yarisradari.com/yaris/hyrox-tampa,8.0
hyrox-abu-dhabi,HYROX Abu Dhabi,2026-10-23,2026-10-25,https://yarisradari.com/yaris/hyrox-abu-dhabi,8.0
puglia-by-utmb,Puglia by UTMB,2026-10-23,2026-10-25,https://yarisradari.com/yaris/puglia-by-utmb,145.0;85.0;50.0;35.0;10.0
alanya-triatlonu-turkiye-kupasi-finali-yas-grubu-standart-mesafe,Alanya Triatlonu,2026-10-24,2026-10-25,https://yarisradari.com/yaris/alanya-triatlonu-turkiye-kupasi-finali-yas-grubu-standart-mesafe,51.5
aquachallenge-marmaris,AquaChallenge Yüzme Şampiyonası Marmaris,2026-10-24,2026-10-25,https://yarisradari.com/yaris/aquachallenge-marmaris,10.0;5.0;3.0;2.0;1.0
heliz-kas-yari-maratonu,Heliz Kaş Yarı Maratonu,2026-10-24,2026-10-24,https://yarisradari.com/yaris/heliz-kas-yari-maratonu,21.0;12.0;5.0
ironman-70-3-dhofar,IRONMAN 70.3 Dhofar,2026-10-24,2026-10-24,https://yarisradari.com/yaris/ironman-70-3-dhofar,113.1
17-uluslararasi-zeytinburnu-cumhuriyet-kosusu,17. Uluslararası Zeytinburnu Cumhuriyet Koşusu,2026-10-25,2026-10-25,https://yarisradari.com/yaris/17-uluslararasi-zeytinburnu-cumhuriyet-kosusu,10.0
ankara-zaman-kosusu,Ankara Zaman Koşusu,2026-10-25,2026-10-25,https://yarisradari.com/yaris/ankara-zaman-kosusu,
caddebostan-cumhuriyet-kosusu,Caddebostan Cumhuriyet Koşusu,2026-10-25,2026-10-25,https://yarisradari.com/yaris/caddebostan-cumhuriyet-kosusu,10.0
frankfurt-maratonu,Frankfurt Maratonu,2026-10-25,2026-10-25,https://yarisradari.com/yaris/frankfurt-maratonu,42.0
ironman-70-3-agadir,IRONMAN 70.3 Agadir,2026-10-25,2026-10-25,https://yarisradari.com/yaris/ironman-70-3-agadir,113.1
ironman-70-3-costa-navarino-peloponnese-greece,"IRONMAN 70.3 Costa Navarino, Peloponnese, Greece",2026-10-25,2026-10-25,https://yarisradari.com/yaris/ironman-70-3-costa-navarino-peloponnese-greece,113.1
lykos-yari-maratonu-ve-cumhuriyet-halk-kosusu,Lykos Yarı Maratonu,2026-10-25,2026-10-25,https://yarisradari.com/yaris/lykos-yari-maratonu-ve-cumhuriyet-halk-kosusu,21.0;10.0;5.0
tarsus-yari-maratonu,Tarsus Yarı Maratonu,2026-10-25,2026-10-25,https://yarisradari.com/yaris/tarsus-yari-maratonu,21.0
veloturk-gran-fondo-cesme,Veloturk Gran Fondo Çeşme,2026-10-25,,https://yarisradari.com/yaris/veloturk-gran-fondo-cesme,91.0;67.0;41.0
antalya-o-fest,12. Uluslararası Antalya Oryantiring Festivali,2026-10-26,2026-10-31,https://yarisradari.com/yaris/antalya-o-fest,
aquachallenge-gocek,AquaChallenge Yüzme Şampiyonası Göcek,2026-10-26,,https://yarisradari.com/yaris/aquachallenge-gocek,10.0
hyrox-birmingham,HYROX Birmingham,2026-10-27,2026-11-01,https://yarisradari.com/yaris/hyrox-birmingham,8.0
ahulex-tm1000,AHULEX TM1000,2026-10-28,2026-11-02,https://yarisradari.com/yaris/ahulex-tm1000,1003.0;496.0;247.0
hyrox-hamburg,HYROX Hamburg,2026-10-28,2026-11-01,https://yarisradari.com/yaris/hyrox-hamburg,8.0
hyrox-mexico-city,HYROX Mexico City,2026-10-29,2026-11-01,https://yarisradari.com/yaris/hyrox-mexico-city,8.0
hyrox-nice,HYROX Nice,2026-10-29,2026-11-01,https://yarisradari.com/yaris/hyrox-nice,8.0
mulkiye-cumhuriyet-kosusu,Mülkiye Cumhuriyet Koşusu,2026-10-29,2026-10-29,https://yarisradari.com/yaris/mulkiye-cumhuriyet-kosusu,
kullamannen-by-utmb,Kullamannen by UTMB,2026-10-30,2026-10-31,https://yarisradari.com/yaris/kullamannen-by-utmb,173.0;108.0;53.0;22.0
mallorca-by-utmb,Mallorca by UTMB®,2026-10-30,2026-11-01,https://yarisradari.com/yaris/mallorca-by-utmb,138.0;104.0;56.0;26.0
fethiye-ultra,8. Fethiye Ultra,2026-10-31,2026-10-31,https://yarisradari.com/yaris/fethiye-ultra,50.0;25.0;10.0
hyrox-shanghai,HYROX Shanghai,2026-10-31,2026-11-01,https://yarisradari.com/yaris/hyrox-shanghai,8.0
manavgat-backyard-ultra,Manavgat Backyard Ultra,2026-10-31,2026-10-31,https://yarisradari.com/yaris/manavgat-backyard-ultra,
meturun-trail-kosusu,Meturun Trail Koşusu,2026-10-31,2026-10-31,https://yarisradari.com/yaris/meturun-trail-kosusu,70.0;30.0;15.0
ironman-70-3,IRONMAN 70.3,2026-11-01,2026-11-01,https://yarisradari.com/yaris/ironman-70-3,113.1
ironman-70-3-goa,IRONMAN 70.3 Goa,2026-11-01,2026-11-01,https://yarisradari.com/yaris/ironman-70-3-goa,113.1
ironman-70-3-kenting,IRONMAN 70.3 Kenting,2026-11-01,2026-11-01,https://yarisradari.com/yaris/ironman-70-3-kenting,113.1
ironman-san-juan,IRONMAN San Juan,2026-11-01,2026-11-01,https://yarisradari.com/yaris/ironman-san-juan,226.3
istanbul-maratonu,İstanbul Maratonu,2026-11-01,2026-11-01,https://yarisradari.com/yaris/istanbul-maratonu,42.0;15.0
new-york-maratonu,New York Maratonu,2026-11-01,2026-11-01,https://yarisradari.com/yaris/new-york-maratonu,42.0
ultra-trail-shudao-by-utmb,Ultra-Trail Shudao by UTMB®,2026-11-06,2026-11-08,https://yarisradari.com/yaris/ultra-trail-shudao-by-utmb,104.0;70.5;42.0;21.5
ironman-florida,IRONMAN Florida,2026-11-07,2026-11-07,https://yarisradari.com/yaris/ironman-florida,226.3
istanbul-5-days,İstanbul 5 Days,2026-11-07,2026-11-08,https://yarisradari.com/yaris/istanbul-5-days,
varda-ultra-trail,Varda Ultra Trail,2026-11-07,2026-11-07,https://yarisradari.com/yaris/varda-ultra-trail,62.0;59.0;27.0;14.0
ata-dan-ana-ya-saygi-kosusu,Ata'dan Ana'ya Saygı Koşusu,2026-11-08,2026-11-08,https://yarisradari.com/yaris/ata-dan-ana-ya-saygi-kosusu,4.0
atina-maratonu,Atina Maratonu,2026-11-08,2026-11-08,https://yarisradari.com/yaris/atina-maratonu,42.0
cappadocia-marathon,Cappadocia Marathon,2026-11-08,,https://yarisradari.com/yaris/cappadocia-marathon,42.195;21.0975;10.0
fethiye-likyari-maratonu,Fethiye Likyarı Maratonu,2026-11-08,2026-11-08,https://yarisradari.com/yaris/fethiye-likyari-maratonu,21.0;10.0
ironman-70-3-campeche,IRONMAN 70.3 Campeche,2026-11-08,2026-11-08,https://yarisradari.com/yaris/ironman-70-3-campeche,113.1
ironman-70-3-melbourne,IRONMAN 70.3 Melbourne,2026-11-08,2026-11-08,https://yarisradari.com/yaris/ironman-70-3-melbourne,113.1
uci-gran-fondo-antalya,UCI Gran Fondo Antalya,2026-11-08,,https://yarisradari.com/yaris/uci-gran-fondo-antalya,105.0;93.0;73.0;60.0;22.0;20.0
hyrox-barcelona,HYROX Barcelona,2026-11-11,2026-11-15,https://yarisradari.com/yaris/hyrox-barcelona,8.0
hyrox-dublin,HYROX Dublin,2026-11-11,2026-11-15,https://yarisradari.com/yaris/hyrox-dublin,8.0
hyrox-dusseldorf,HYROX Düsseldorf,2026-11-11,2026-11-15,https://yarisradari.com/yaris/hyrox-dusseldorf,8.0
hyrox-denver,HYROX Denver,2026-11-12,2026-11-15,https://yarisradari.com/yaris/hyrox-denver,8.0
antalya-canyon-ultra,Antalya Canyon Ultra,2026-11-13,2026-11-15,https://yarisradari.com/yaris/antalya-canyon-ultra,70.0;45.0;33.0;13.0;7.0
hoka-pacific-trails-california-by-utmb,HOKA Pacific Trails California by UTMB,2026-11-13,2026-11-15,https://yarisradari.com/yaris/hoka-pacific-trails-california-by-utmb,51.0;25.0
hyrox-seoul,HYROX Seoul,2026-11-13,2026-11-15,https://yarisradari.com/yaris/hyrox-seoul,8.0
translantau-by-utmb,Translantau™ by UTMB®,2026-11-13,2026-11-15,https://yarisradari.com/yaris/translantau-by-utmb,104.0;45.0;27.0;15.0
forest-trail,FOREST TRAİL,2026-11-14,2026-11-14,https://yarisradari.com/yaris/forest-trail,22.0
hyrox-cairo,HYROX Cairo,2026-11-14,2026-11-15,https://yarisradari.com/yaris/hyrox-cairo,8.0
latmos-ultra,Latmos Ultra Maratonu,2026-11-14,2026-11-14,https://yarisradari.com/yaris/latmos-ultra,45.0;26.0;17.0;8.0
sagalassos-sky-ultra,Sagalassos Sky Ultra,2026-11-14,2026-11-15,https://yarisradari.com/yaris/sagalassos-sky-ultra,42.3;26.9;17.4;5.2;4.95;2.0
antalya-zaman-kosusu,Antalya Zaman Koşusu,2026-11-15,2026-11-15,https://yarisradari.com/yaris/antalya-zaman-kosusu,
ironman-70-3-phu-quoc,IRONMAN 70.3 Phu Quoc,2026-11-15,2026-11-15,https://yarisradari.com/yaris/ironman-70-3-phu-quoc,113.1
oyak-65-yil-ankara-kosusu,Oyak 65.Yıl Ankara Koşusu,2026-11-15,2026-11-15,https://yarisradari.com/yaris/oyak-65-yil-ankara-kosusu,10.0;5.0
soli-10k,Soli 10K,2026-11-15,2026-11-15,https://yarisradari.com/yaris/soli-10k,10.0
hyrox-dallas,HYROX Dallas,2026-11-18,2026-11-22,https://yarisradari.com/yaris/hyrox-dallas,8.0
patagonia-bariloche-by-utmb,Patagonia BARILOCHE by UTMB,2026-11-18,2026-11-22,https://yarisradari.com/yaris/patagonia-bariloche-by-utmb,131.0;88.0;57.5;35.0;22.0;12.7
catalkaya-ultra-trail,Çatalkaya Ultra,2026-11-20,2026-11-22,https://yarisradari.com/yaris/catalkaya-ultra-trail,74.0;45.0;29.0;13.0;5.0
hyrox-poznan,HYROX Poznań,2026-11-20,2026-11-22,https://yarisradari.com/yaris/hyrox-poznan,8.0
hyrox-guangzhou,HYROX Guangzhou,2026-11-21,2026-11-22,https://yarisradari.com/yaris/hyrox-guangzhou,8.0
hyrox-rio-de-janeiro,HYROX Rio de Janeiro,2026-11-21,2026-11-22,https://yarisradari.com/yaris/hyrox-rio-de-janeiro,8.0
ironman-70-3-langkawi,IRONMAN 70.3 Langkawi,2026-11-21,2026-11-21,https://yarisradari.com/yaris/ironman-70-3-langkawi,113.1
ironman-malaysia,IRONMAN Malaysia,2026-11-21,2026-11-21,https://yarisradari.com/yaris/ironman-malaysia,226.3
manisa-ultra-marathon,MANİSA ULTRA MARATHON,2026-11-21,2026-11-22,https://yarisradari.com/yaris/manisa-ultra-marathon,18.0;10.0;7.0
8-gazi-yari-maratonu,8. Gazi Yarı Maratonu,2026-11-22,2026-11-22,https://yarisradari.com/yaris/8-gazi-yari-maratonu,21.0;10.0
cenedag-ultra-trail,Çenedağ Ultra Trail,2026-11-22,2026-11-22,https://yarisradari.com/yaris/cenedag-ultra-trail,57.0;21.0;14.0;8.0
dragos,Dragos,2026-11-22,2026-11-22,https://yarisradari.com/yaris/dragos,10.0;5.0
ironman-70-3-mossel-bay,IRONMAN 70.3 Mossel Bay,2026-11-22,2026-11-22,https://yarisradari.com/yaris/ironman-70-3-mossel-bay,113.1
ironman-cozumel,IRONMAN Cozumel,2026-11-22,2026-11-22,https://yarisradari.com/yaris/ironman-cozumel,226.3
kesifrun-nilufer,KeşifRun Nilüfer,2026-11-22,2026-11-22,https://yarisradari.com/yaris/kesifrun-nilufer,10.0
hyrox-gujarat,HYROX Gujarat,2026-11-26,2026-11-28,https://yarisradari.com/yaris/hyrox-gujarat,8.0
hyrox-johannesburg,HYROX Johannesburg,2026-11-26,2026-11-29,https://yarisradari.com/yaris/hyrox-johannesburg,8.0
hyrox-singapore,HYROX Singapore,2026-11-26,2026-11-29,https://yarisradari.com/yaris/hyrox-singapore,8.0
hyrox-utrecht,HYROX Utrecht,2026-11-26,2026-11-30,https://yarisradari.com/yaris/hyrox-utrecht,8.0
ultra-trail-kosciuszko-by-utmb,Ultra-Trail Kosciuszko by UTMB,2026-11-26,2026-11-28,https://yarisradari.com/yaris/ultra-trail-kosciuszko-by-utmb,160.5;105.6;50.3;33.0
hoka-chiang-mai-thailand-by-utmb,HOKA Chiang Mai Thailand by UTMB,2026-11-27,2026-12-06,https://yarisradari.com/yaris/hoka-chiang-mai-thailand-by-utmb,173.0;100.0;63.0;57.0;26.0;20.0;17.0;5.0;3.0
hyrox-dubai,HYROX Dubai,2026-11-27,2026-11-28,https://yarisradari.com/yaris/hyrox-dubai,8.0
kar-spor-ida-ultra,Kar Spor İda Ultra,2026-11-28,2026-11-28,https://yarisradari.com/yaris/kar-spor-ida-ultra,105.0;66.0;44.0;29.0
ironman-70-3-aracaju-sergipe,IRONMAN 70.3 Aracaju-Sergipe,2026-11-29,2026-11-29,https://yarisradari.com/yaris/ironman-70-3-aracaju-sergipe,113.1
ironman-70-3-cartagena,IRONMAN 70.3 Cartagena,2026-11-29,2026-11-29,https://yarisradari.com/yaris/ironman-70-3-cartagena,113.1
ironman-70-3-valdivia,IRONMAN 70.3 Valdivia,2026-11-29,2026-11-29,https://yarisradari.com/yaris/ironman-70-3-valdivia,113.1
ironman-valdivia,IRONMAN Valdivia,2026-11-29,2026-11-29,https://yarisradari.com/yaris/ironman-valdivia,226.3
geyik-kosulari,Geyik Koşuları,2026-12-02,2026-12-02,https://yarisradari.com/yaris/geyik-kosulari,28.0;14.0;8.0;6.0;4.0
hyrox-london,HYROX London,2026-12-02,2026-12-06,https://yarisradari.com/yaris/hyrox-london,8.0
hyrox-anaheim,HYROX Anaheim,2026-12-03,2026-12-06,https://yarisradari.com/yaris/hyrox-anaheim,8.0
hyrox-milan,HYROX Milan,2026-12-04,2026-12-06,https://yarisradari.com/yaris/hyrox-milan,8.0
hyrox-sanya,HYROX Sanya,2026-12-05,2026-12-06,https://yarisradari.com/yaris/hyrox-sanya,8.0
ironman-oman,IRONMAN Oman,2026-12-05,2026-12-05,https://yarisradari.com/yaris/ironman-oman,226.3
gobeklitepe-yari-maratonu,Göbeklitepe Yarı Maratonu,2026-12-06,2026-12-06,https://yarisradari.com/yaris/gobeklitepe-yari-maratonu,
ironman-70-3-la-quinta,IRONMAN 70.3 La Quinta,2026-12-06,2026-12-06,https://yarisradari.com/yaris/ironman-70-3-la-quinta,113.1
ironman-70-3-veracruz,IRONMAN 70.3 Veracruz,2026-12-06,2026-12-06,https://yarisradari.com/yaris/ironman-70-3-veracruz,113.1
ironman-70-3-western-australia,IRONMAN 70.3 Western Australia,2026-12-06,2026-12-06,https://yarisradari.com/yaris/ironman-70-3-western-australia,113.1
ironman-western-australia,IRONMAN Western Australia,2026-12-06,2026-12-06,https://yarisradari.com/yaris/ironman-western-australia,226.3
st-nicholas-half-marathon,St Nicholas Half Marathon,2026-12-06,2026-12-06,https://yarisradari.com/yaris/st-nicholas-half-marathon,21.0;12.0;5.0
valencia-maratonu,Valencia Maratonu,2026-12-06,2026-12-06,https://yarisradari.com/yaris/valencia-maratonu,42.0
hyrox-melbourne,HYROX Melbourne,2026-12-09,2026-12-13,https://yarisradari.com/yaris/hyrox-melbourne,8.0
hyrox-nashville,HYROX Nashville,2026-12-09,2026-12-13,https://yarisradari.com/yaris/hyrox-nashville,8.0
hyrox-frankfurt,HYROX Frankfurt,2026-12-10,2026-12-13,https://yarisradari.com/yaris/hyrox-frankfurt,8.0
hyrox-kuala-lumpur,HYROX Kuala Lumpur,2026-12-10,2026-12-13,https://yarisradari.com/yaris/hyrox-kuala-lumpur,8.0
hyrox-stockholm,HYROX Stockholm,2026-12-10,2026-12-13,https://yarisradari.com/yaris/hyrox-stockholm,8.0
oman-by-utmb,Oman by UTMB®,2026-12-10,2026-12-12,https://yarisradari.com/yaris/oman-by-utmb,154.0;103.0;50.0;32.0;21.5
ironman-70-3-bahrain,IRONMAN 70.3 Bahrain,2026-12-11,2026-12-11,https://yarisradari.com/yaris/ironman-70-3-bahrain,113.1
hyrox-paris,HYROX Paris,2026-12-12,2026-12-20,https://yarisradari.com/yaris/hyrox-paris,8.0
eskisehir-yari-maratonu,Eskişehir Uluslararası Yarı Maratonu ve Spor Festivali,2026-12-13,2026-12-13,https://yarisradari.com/yaris/eskisehir-yari-maratonu,21.0;10.0;5.0
ironman-70-3-florida,IRONMAN 70.3 Florida,2026-12-13,2026-12-13,https://yarisradari.com/yaris/ironman-70-3-florida,113.1
uluslararasi-mersin-maratonu,Uluslararası Mersin Maratonu 2026,2026-12-13,2026-12-13,https://yarisradari.com/yaris/uluslararasi-mersin-maratonu,42.0
hyrox-gent,HYROX Gent,2026-12-17,2026-12-20,https://yarisradari.com/yaris/hyrox-gent,8.0
hyrox-vancouver,HYROX Vancouver,2026-12-17,2026-12-20,https://yarisradari.com/yaris/hyrox-vancouver,8.0
hyrox-helsinki,HYROX Helsinki,2026-12-18,2026-12-20,https://yarisradari.com/yaris/hyrox-helsinki,8.0
antalya-ultra,Antalya Ultra,2026-12-24,2026-12-27,https://yarisradari.com/yaris/antalya-ultra,85.0;57.0;33.0;22.0;12.0;5.0
buyuk-ataturk-kosusu,91. Büyük Atatürk Koşusu,2026-12-27,,https://yarisradari.com/yaris/buyuk-ataturk-kosusu,10.0
hyrox-hong-kong,HYROX Hong Kong,2027-01-07,2027-01-10,https://yarisradari.com/yaris/hyrox-hong-kong,8.0
vietnam-highlands-trail-by-utmb,Vietnam Highlands Trail by UTMB,2027-01-08,2027-01-10,https://yarisradari.com/yaris/vietnam-highlands-trail-by-utmb,104.2;56.4;24.1;11.3
adana-yari-maratonu,Adana Yarı Maratonu,2027-01-10,2027-01-10,https://yarisradari.com/yaris/adana-yari-maratonu,21.0;10.0
ironman-70-3-pucon,IRONMAN 70.3 Pucon,2027-01-10,2027-01-10,https://yarisradari.com/yaris/ironman-70-3-pucon,113.1
hyrox-noida,HYROX Noida,2027-01-15,2027-01-17,https://yarisradari.com/yaris/hyrox-noida,8.0
datca-acik-deniz-kis-yuzme-maratonu,Datça Açık Deniz Kış Yüzme Maratonu,2027-01-17,2027-01-17,https://yarisradari.com/yaris/datca-acik-deniz-kis-yuzme-maratonu,5.0;1.5
hyrox-manchester,HYROX Manchester,2027-01-20,2027-01-31,https://yarisradari.com/yaris/hyrox-manchester,8.0
hyrox-osaka,HYROX Osaka,2027-01-21,2027-01-25,https://yarisradari.com/yaris/hyrox-osaka,8.0
arc-of-attrition-by-utmb,Arc of Attrition by UTMB®,2027-01-22,2027-01-24,https://yarisradari.com/yaris/arc-of-attrition-by-utmb,173.0;82.7;49.4;22.1
hyrox-amsterdam,HYROX Amsterdam,2027-01-22,2027-01-31,https://yarisradari.com/yaris/hyrox-amsterdam,8.0
9-uluslararasi-antalya-oryantiring-gunleri,9. Uluslararası Antalya Oryantiring Günleri,2027-01-25,2027-01-31,https://yarisradari.com/yaris/9-uluslararasi-antalya-oryantiring-gunleri,
hyrox-verona,HYROX Verona,2027-01-28,2027-01-31,https://yarisradari.com/yaris/hyrox-verona,8.0
ironman-70-3-nelson-mandela-bay,IRONMAN 70.3 Nelson Mandela Bay,2027-01-31,2027-01-31,https://yarisradari.com/yaris/ironman-70-3-nelson-mandela-bay,113.1
hyrox-toulouse,HYROX Toulouse,2027-02-03,2027-02-07,https://yarisradari.com/yaris/hyrox-toulouse,8.0
hyrox-auckland,HYROX Auckland,2027-02-04,2027-02-07,https://yarisradari.com/yaris/hyrox-auckland,8.0
hyrox-bilbao,HYROX Bilbao,2027-02-06,2027-02-07,https://yarisradari.com/yaris/hyrox-bilbao,8.0
ironman-70-3-muscat,IRONMAN 70.3 Muscat,2027-02-06,2027-02-06,https://yarisradari.com/yaris/ironman-70-3-muscat,113.1
ironman-70-3-san-salvador,IRONMAN 70.3 San Salvador,2027-02-07,2027-02-07,https://yarisradari.com/yaris/ironman-70-3-san-salvador,113.1
winter-run-istanbul-v,Winter Run İstanbul V.,2027-02-07,2027-02-07,https://yarisradari.com/yaris/winter-run-istanbul-v,
hyrox-bangkok,HYROX Bangkok,2027-02-11,2027-02-14,https://yarisradari.com/yaris/hyrox-bangkok,8.0
hyrox-chicago,HYROX Chicago,2027-02-11,2027-02-15,https://yarisradari.com/yaris/hyrox-chicago,8.0
hyrox-basel,HYROX Basel,2027-02-12,2027-02-14,https://yarisradari.com/yaris/hyrox-basel,8.0
tarawera-ultra-trail-by-utmb,Tarawera Ultra-Trail by UTMB,2027-02-13,2027-02-14,https://yarisradari.com/yaris/tarawera-ultra-trail-by-utmb,163.0;102.0;52.0;23.0;14.0
hyrox-cancun,HYROX Cancun,2027-02-19,2027-02-21,https://yarisradari.com/yaris/hyrox-cancun,8.0
hyrox-katowice,HYROX Katowice,2027-02-19,2027-02-21,https://yarisradari.com/yaris/hyrox-katowice,8.0
hyrox-vienna,HYROX Vienna,2027-02-19,2027-02-21,https://yarisradari.com/yaris/hyrox-vienna,8.0
hyrox-phoenix,HYROX Phoenix,2027-02-25,2027-02-28,https://yarisradari.com/yaris/hyrox-phoenix,8.0
ironman-70-3-panama,IRONMAN 70.3 Panama,2027-02-28,2027-02-28,https://yarisradari.com/yaris/ironman-70-3-panama,113.1
hyrox-mechelen,HYROX Mechelen,2027-03-03,2027-03-07,https://yarisradari.com/yaris/hyrox-mechelen,8.0
puerto-vallarta-by-utmb,Puerto Vallarta by UTMB®,2027-03-04,2027-03-06,https://yarisradari.com/yaris/puerto-vallarta-by-utmb,81.0;53.0;37.0;20.0;5.0
xtrail-by-utmb,Xtrail by UTMB®,2027-03-05,2027-03-07,https://yarisradari.com/yaris/xtrail-by-utmb,98.0;50.0;26.0;11.0;2.0
ironman-70-3-new-zealand,IRONMAN 70.3 New Zealand,2027-03-06,2027-03-06,https://yarisradari.com/yaris/ironman-70-3-new-zealand,113.1
ironman-new-zealand,IRONMAN New Zealand,2027-03-06,2027-03-06,https://yarisradari.com/yaris/ironman-new-zealand,226.3
ironman-70-3-punta-del-este,IRONMAN 70.3 Punta del Este,2027-03-07,2027-03-07,https://yarisradari.com/yaris/ironman-70-3-punta-del-este,113.1
tokyo-maratonu,Tokyo Maratonu,2027-03-07,2027-03-07,https://yarisradari.com/yaris/tokyo-maratonu,42.0
hyrox-glasgow,HYROX Glasgow,2027-03-10,2027-03-14,https://yarisradari.com/yaris/hyrox-glasgow,8.0
hyrox-las-vegas,HYROX Las Vegas,2027-03-12,2027-03-14,https://yarisradari.com/yaris/hyrox-las-vegas,8.0
hyrox-taipei,HYROX Taipei,2027-03-12,2027-03-14,https://yarisradari.com/yaris/hyrox-taipei,8.0
ironman-70-3-dallas-little-elm,IRONMAN 70.3 Dallas-Little Elm,2027-03-14,2027-03-14,https://yarisradari.com/yaris/ironman-70-3-dallas-little-elm,113.1
ironman-70-3-hengqin,IRONMAN 70.3 Hengqin,2027-03-14,2027-03-14,https://yarisradari.com/yaris/ironman-70-3-hengqin,113.1
ironman-70-3-laoag,IRONMAN 70.3 Laoag,2027-03-14,2027-03-14,https://yarisradari.com/yaris/ironman-70-3-laoag,113.1
ironman-70-3-puerto-rico,IRONMAN 70.3 Puerto Rico,2027-03-14,2027-03-14,https://yarisradari.com/yaris/ironman-70-3-puerto-rico,113.1
hyrox-madrid,HYROX Madrid,2027-03-17,2027-03-21,https://yarisradari.com/yaris/hyrox-madrid,8.0
chianti-ultra-trail-by-utmb,Chianti Ultra Trail by UTMB,2027-03-18,2027-03-21,https://yarisradari.com/yaris/chianti-ultra-trail-by-utmb,123.0;73.0;46.0;20.0;10.0
hyrox-guadalajara,HYROX Guadalajara,2027-03-19,2027-03-21,https://yarisradari.com/yaris/hyrox-guadalajara,8.0
hyrox-buenos-aires,HYROX Buenos Aires,2027-03-20,2027-03-21,https://yarisradari.com/yaris/hyrox-buenos-aires,8.0
ironman-70-3-doha,IRONMAN 70.3 Doha,2027-03-20,2027-03-20,https://yarisradari.com/yaris/ironman-70-3-doha,113.1
47-trabzon-yari-maratonu,47. TRABZON YARI MARATONU,2027-03-21,2027-03-21,https://yarisradari.com/yaris/47-trabzon-yari-maratonu,21.0;10.0
ironman-70-3-curitiba,IRONMAN 70.3 Curitiba,2027-03-21,2027-03-21,https://yarisradari.com/yaris/ironman-70-3-curitiba,113.1
ironman-70-3-geelong,IRONMAN 70.3 Geelong,2027-03-21,2027-03-21,https://yarisradari.com/yaris/ironman-70-3-geelong,113.1
hyrox-copenhagen,HYROX Copenhagen,2027-03-25,2027-03-28,https://yarisradari.com/yaris/hyrox-copenhagen,8.0
hyrox-cape-town,HYROX Cape Town,2027-03-26,2027-03-28,https://yarisradari.com/yaris/hyrox-cape-town,8.0
hyrox-miami-beach,HYROX Miami Beach,2027-03-26,2027-03-28,https://yarisradari.com/yaris/hyrox-miami-beach,8.0
alanya-ultra-trail,ALANYA ULTRA TRAIL,2027-03-27,2027-03-27,https://yarisradari.com/yaris/alanya-ultra-trail,90.0;70.0;50.0;32.0;14.0;6.2
efes-ultra-maratonu,Efes Ultra Maratonu,2027-03-27,2027-03-28,https://yarisradari.com/yaris/efes-ultra-maratonu,120.0;61.0;42.0;27.0;12.0;6.0
hyrox-brisbane,HYROX Brisbane,2027-03-31,2027-04-04,https://yarisradari.com/yaris/hyrox-brisbane,8.0
jujuy-los-andes-by-utmb,Jujuy Los Andes by UTMB,2027-03-31,2027-04-04,https://yarisradari.com/yaris/jujuy-los-andes-by-utmb,87.2;50.3;34.0;21.3;11.9;4.5
hyrox-houston,HYROX Houston,2027-04-01,2027-04-04,https://yarisradari.com/yaris/hyrox-houston,8.0
hyrox-rotterdam,HYROX Rotterdam,2027-04-01,2027-04-04,https://yarisradari.com/yaris/hyrox-rotterdam,8.0
istria-100-by-utmb,Istria 100 by UTMB,2027-04-01,2027-04-04,https://yarisradari.com/yaris/istria-100-by-utmb,168.0;111.0;69.6;42.0;21.5
hyrox-bari,HYROX Bari,2027-04-02,2027-04-04,https://yarisradari.com/yaris/hyrox-bari,8.0
ironman-70-3-oceanside,IRONMAN 70.3 Oceanside,2027-04-03,2027-04-03,https://yarisradari.com/yaris/ironman-70-3-oceanside,113.1
ironman-70-3-vilamoura-algarve,IRONMAN 70.3 Vilamoura-Algarve,2027-04-03,2027-04-03,https://yarisradari.com/yaris/ironman-70-3-vilamoura-algarve,113.1
ironman-70-3-barranquilla,IRONMAN 70.3 Barranquilla,2027-04-04,2027-04-04,https://yarisradari.com/yaris/ironman-70-3-barranquilla,113.1
ironman-70-3-puerto-varas,IRONMAN 70.3 Puerto Varas,2027-04-04,2027-04-04,https://yarisradari.com/yaris/ironman-70-3-puerto-varas,113.1
ironman-70-3-texas,IRONMAN 70.3 Texas,2027-04-04,2027-04-04,https://yarisradari.com/yaris/ironman-70-3-texas,113.1
hyrox-warsaw,HYROX Warsaw,2027-04-07,2027-04-11,https://yarisradari.com/yaris/hyrox-warsaw,8.0
desert-rats-trail-running-festival-by-utmb,Desert RATS Trail Running Festival by UTMB,2027-04-08,2027-04-11,https://yarisradari.com/yaris/desert-rats-trail-running-festival-by-utmb,100.0;48.0;21.0;9.0
hyrox-cologne,HYROX Cologne,2027-04-08,2027-04-11,https://yarisradari.com/yaris/hyrox-cologne,8.0
hyrox-paris-grand-palais,HYROX Paris Grand Palais,2027-04-08,2027-04-12,https://yarisradari.com/yaris/hyrox-paris-grand-palais,8.0
tenerife-bluetrail-by-utmb,Tenerife Bluetrail by UTMB®,2027-04-08,2027-04-10,https://yarisradari.com/yaris/tenerife-bluetrail-by-utmb,110.0;82.0;68.0;47.0;24.0;6.5
hiroshima-ultra-trail-by-utmb,Hiroshima Ultra-Trail by UTMB®,2027-04-09,2027-04-11,https://yarisradari.com/yaris/hiroshima-ultra-trail-by-utmb,
ironman-70-3-los-cabos,IRONMAN 70.3 Los Cabos,2027-04-11,2027-04-11,https://yarisradari.com/yaris/ironman-70-3-los-cabos,113.1
ironman-70-3-san-juan,IRONMAN 70.3 San Juan,2027-04-11,2027-04-11,https://yarisradari.com/yaris/ironman-70-3-san-juan,113.1
ironman-penghu,IRONMAN Penghu,2027-04-11,2027-04-11,https://yarisradari.com/yaris/ironman-penghu,226.3
paris-maratonu,Paris Maratonu,2027-04-11,2027-04-11,https://yarisradari.com/yaris/paris-maratonu,42.0
hyrox-malaga,HYROX Málaga,2027-04-14,2027-04-18,https://yarisradari.com/yaris/hyrox-malaga,8.0
hyrox-helsinki-2027,HYROX Helsinki,2027-04-16,2027-04-18,https://yarisradari.com/yaris/hyrox-helsinki-2027,8.0
hyrox-monterrey,HYROX Monterrey,2027-04-16,2027-04-18,https://yarisradari.com/yaris/hyrox-monterrey,8.0
hyrox-nagoya,HYROX Nagoya,2027-04-16,2027-04-18,https://yarisradari.com/yaris/hyrox-nagoya,8.0
ironman-70-3-brasilia,IRONMAN 70.3 Brasilia,2027-04-18,2027-04-18,https://yarisradari.com/yaris/ironman-70-3-brasilia,113.1
ironman-70-3-valencia,IRONMAN 70.3 Valencia,2027-04-18,2027-04-18,https://yarisradari.com/yaris/ironman-70-3-valencia,113.1
ironman-south-africa-mossel-bay,"IRONMAN South Africa, Mossel Bay",2027-04-18,2027-04-18,https://yarisradari.com/yaris/ironman-south-africa-mossel-bay,226.3
boston-maratonu,Boston Maratonu,2027-04-19,2027-04-19,https://yarisradari.com/yaris/boston-maratonu,42.0
hyrox-ottawa,HYROX Ottawa,2027-04-21,2027-04-25,https://yarisradari.com/yaris/hyrox-ottawa,8.0
the-canyons-endurance-runs-by-utmb,The Canyons Endurance Runs™ by UTMB®,2027-04-22,2027-04-25,https://yarisradari.com/yaris/the-canyons-endurance-runs-by-utmb,161.0;100.0;50.0;25.0
grand-raid-ventoux-by-utmb,Grand Raid Ventoux by UTMB,2027-04-23,2027-04-25,https://yarisradari.com/yaris/grand-raid-ventoux-by-utmb,125.0;87.0;51.0;26.0
hyrox-atlanta,HYROX Atlanta,2027-04-23,2027-04-25,https://yarisradari.com/yaris/hyrox-atlanta,8.0
ironman-70-3-venice-jesolo,IRONMAN 70.3 Venice-Jesolo,2027-04-24,2027-04-24,https://yarisradari.com/yaris/ironman-70-3-venice-jesolo,113.1
ironman-texas,IRONMAN Texas,2027-04-24,2027-04-24,https://yarisradari.com/yaris/ironman-texas,226.3
ironman-70-3-peru,IRONMAN 70.3 Peru,2027-04-25,2027-04-25,https://yarisradari.com/yaris/ironman-70-3-peru,113.1
londra-maratonu,Londra Maratonu,2027-04-25,2027-04-25,https://yarisradari.com/yaris/londra-maratonu,42.0
oh-meu-deus-by-utmb,Oh Meu Deus by UTMB,2027-04-30,2027-05-02,https://yarisradari.com/yaris/oh-meu-deus-by-utmb,167.0;94.0;52.0;22.0
ironman-70-3-western-sydney,IRONMAN 70.3 Western Sydney,2027-05-02,2027-05-02,https://yarisradari.com/yaris/ironman-70-3-western-sydney,113.1
hyrox-krakow,HYROX Kraków,2027-05-07,2027-05-09,https://yarisradari.com/yaris/hyrox-krakow,8.0
hyrox-sao-paulo-2027,HYROX São Paulo,2027-05-08,2027-05-09,https://yarisradari.com/yaris/hyrox-sao-paulo-2027,8.0
ironman-70-3-alcudia-mallorca,IRONMAN 70.3 Alcúdia-Mallorca,2027-05-08,2027-05-08,https://yarisradari.com/yaris/ironman-70-3-alcudia-mallorca,113.1
ironman-70-3-gulf-coast,IRONMAN 70.3 Gulf Coast,2027-05-08,2027-05-08,https://yarisradari.com/yaris/ironman-70-3-gulf-coast,113.1
tahtali-run-to-sky,Tahtalı Run to Sky,2027-05-08,2027-05-08,https://yarisradari.com/yaris/tahtali-run-to-sky,43.0;27.0;11.0
x-waters-antalya,X-Waters Antalya,2027-05-08,2027-05-09,https://yarisradari.com/yaris/x-waters-antalya,8.0;4.0;1.6;0.5
ironman-70-3-da-nang,IRONMAN 70.3 Da Nang,2027-05-09,2027-05-09,https://yarisradari.com/yaris/ironman-70-3-da-nang,113.1
ironman-vietnam,IRONMAN Vietnam,2027-05-09,2027-05-09,https://yarisradari.com/yaris/ironman-vietnam,226.3
hyrox-bengaluru,HYROX Bengaluru,2027-05-12,2027-05-16,https://yarisradari.com/yaris/hyrox-bengaluru,8.0
hyrox-lyon,HYROX Lyon,2027-05-12,2027-05-16,https://yarisradari.com/yaris/hyrox-lyon,8.0
hoka-ultra-trail-australia-by-utmb,HOKA Ultra-Trail Australia by UTMB,2027-05-13,2027-05-16,https://yarisradari.com/yaris/hoka-ultra-trail-australia-by-utmb,161.1;101.0;51.0;22.0;11.4;1.0
hyrox-incheon,HYROX Incheon,2027-05-13,2027-05-16,https://yarisradari.com/yaris/hyrox-incheon,8.0
hyrox-san-diego,HYROX San Diego,2027-05-13,2027-05-16,https://yarisradari.com/yaris/hyrox-san-diego,8.0
trail-alsace-by-utmb,Trail Alsace by UTMB,2027-05-13,2027-05-16,https://yarisradari.com/yaris/trail-alsace-by-utmb,158.0;108.0;47.0;29.0;18.0;10.5
eryri-by-utmb,Eryri by UTMB®,2027-05-14,2027-05-16,https://yarisradari.com/yaris/eryri-by-utmb,163.0;106.0;78.0;56.0;22.0
rothrock-by-utmb,Rothrock by UTMB,2027-05-14,2027-05-16,https://yarisradari.com/yaris/rothrock-by-utmb,53.3;26.9
ironman-lanzarote,IRONMAN Lanzarote,2027-05-15,2027-05-15,https://yarisradari.com/yaris/ironman-lanzarote,226.3
ironman-70-3-chattanooga,IRONMAN 70.3 Chattanooga,2027-05-16,2027-05-16,https://yarisradari.com/yaris/ironman-70-3-chattanooga,113.1
ironman-jacksonville,IRONMAN Jacksonville,2027-05-16,2027-05-16,https://yarisradari.com/yaris/ironman-jacksonville,226.3
hyrox-cardiff,HYROX Cardiff,2027-05-20,2027-05-29,https://yarisradari.com/yaris/hyrox-cardiff,8.0
hyrox-portland,HYROX Portland,2027-05-21,2027-05-23,https://yarisradari.com/yaris/hyrox-portland,8.0
run-caretta-run,Run caretta run,2027-05-22,2027-05-22,https://yarisradari.com/yaris/run-caretta-run,24.0;10.0;5.0
ironman-70-3-aix-en-provence,IRONMAN 70.3 Aix-en-Provence,2027-05-23,2027-05-23,https://yarisradari.com/yaris/ironman-70-3-aix-en-provence,113.1
ironman-70-3-kraichgau,IRONMAN 70.3 Kraichgau,2027-05-23,2027-05-23,https://yarisradari.com/yaris/ironman-70-3-kraichgau,113.1
ironman-70-3-northern-california,IRONMAN 70.3 Northern California,2027-05-23,2027-05-23,https://yarisradari.com/yaris/ironman-70-3-northern-california,113.1
ironman-70-3-pennsylvania-happy-valley,IRONMAN 70.3 Pennsylvania Happy Valley,2027-05-23,2027-05-23,https://yarisradari.com/yaris/ironman-70-3-pennsylvania-happy-valley,113.1
ironman-70-3-st-polten,IRONMAN 70.3 St. Pölten,2027-05-23,2027-05-23,https://yarisradari.com/yaris/ironman-70-3-st-polten,113.1
hyrox-rimini,HYROX Rimini,2027-05-27,2027-05-30,https://yarisradari.com/yaris/hyrox-rimini,8.0
mountain-ultra-trail-by-utmb,Mountain Ultra Trail by UTMB,2027-05-27,2027-05-30,https://yarisradari.com/yaris/mountain-ultra-trail-by-utmb,168.0;100.0;58.0;43.0;25.0;11.9
hyrox-riga,HYROX Riga,2027-05-28,2027-05-30,https://yarisradari.com/yaris/hyrox-riga,8.0
gelibolu-orta-mesafe-triatlon-ve-aquatlon-turkiye-ve-balkan-sampiyonasi,GELİBOLU ORTA MESAFE TRİATLON VE AQUATLON TÜRKİYE ve BALKAN ŞAMPİYONASI,2027-05-29,2027-05-30,https://yarisradari.com/yaris/gelibolu-orta-mesafe-triatlon-ve-aquatlon-turkiye-ve-balkan-sampiyonasi,
ironman-70-3-alghero,IRONMAN 70.3 Alghero,2027-05-30,2027-05-30,https://yarisradari.com/yaris/ironman-70-3-alghero,113.1
ironman-70-3-victoria,IRONMAN 70.3 Victoria,2027-05-30,2027-05-30,https://yarisradari.com/yaris/ironman-70-3-victoria,113.1
ultra-trail-chattanooga-by-utmb,Ultra Trail Chattanooga by UTMB,2027-06-04,2027-06-06,https://yarisradari.com/yaris/ultra-trail-chattanooga-by-utmb,
ironman-70-3-hawai-i,IRONMAN 70.3 Hawai`i,2027-06-05,2027-06-05,https://yarisradari.com/yaris/ironman-70-3-hawai-i,113.1
mozart-100-by-utmb,Mozart 100 by UTMB,2027-06-05,2027-06-05,https://yarisradari.com/yaris/mozart-100-by-utmb,119.0;84.0;44.0;28.0;12.0
ultra-sumela,Ultra Sümela,2027-06-05,2027-06-05,https://yarisradari.com/yaris/ultra-sumela,61.0;22.0;10.0
ironman-70-3-bolton,IRONMAN 70.3 Bolton,2027-06-06,2027-06-06,https://yarisradari.com/yaris/ironman-70-3-bolton,113.1
ironman-70-3-durban,IRONMAN 70.3 Durban,2027-06-06,2027-06-06,https://yarisradari.com/yaris/ironman-70-3-durban,113.1
ironman-70-3-omaha,IRONMAN 70.3 Omaha,2027-06-06,2027-06-06,https://yarisradari.com/yaris/ironman-70-3-omaha,113.1
ironman-70-3-switzerland,IRONMAN 70.3 Switzerland,2027-06-06,2027-06-06,https://yarisradari.com/yaris/ironman-70-3-switzerland,113.1
ironman-70-3-tours-metropole-loire-valley,IRONMAN 70.3 Tours Metropole - Loire Valley,2027-06-06,2027-06-06,https://yarisradari.com/yaris/ironman-70-3-tours-metropole-loire-valley,113.1
ironman-hamburg,IRONMAN Hamburg,2027-06-06,2027-06-06,https://yarisradari.com/yaris/ironman-hamburg,226.3
hyrox-world-championships-hong-kong,HYROX World Championships Hong Kong,2027-06-10,2027-06-13,https://yarisradari.com/yaris/hyrox-world-championships-hong-kong,8.0
trail-100-andorra-by-utmb,Trail 100 Andorra by UTMB,2027-06-10,2027-06-13,https://yarisradari.com/yaris/trail-100-andorra-by-utmb,105.0;79.0;50.0;24.9;10.0
trail-of-the-kings-lake-toba-by-utmb,Trail of the Kings - Lake Toba by UTMB,2027-06-11,2027-06-13,https://yarisradari.com/yaris/trail-of-the-kings-lake-toba-by-utmb,
ironman-70-3-boulder,IRONMAN 70.3 Boulder,2027-06-12,2027-06-12,https://yarisradari.com/yaris/ironman-70-3-boulder,113.1
ironman-70-3-cairns,IRONMAN 70.3 Cairns,2027-06-13,2027-06-13,https://yarisradari.com/yaris/ironman-70-3-cairns,113.1
ironman-70-3-davao-philippines,IRONMAN 70.3 Davao Philippines,2027-06-13,2027-06-13,https://yarisradari.com/yaris/ironman-70-3-davao-philippines,113.1
ironman-70-3-eagleman,IRONMAN 70.3 Eagleman,2027-06-13,2027-06-13,https://yarisradari.com/yaris/ironman-70-3-eagleman,113.1
ironman-70-3-rockford-illinois,IRONMAN 70.3 Rockford - Illinois,2027-06-13,2027-06-13,https://yarisradari.com/yaris/ironman-70-3-rockford-illinois,113.1
ironman-brazil,IRONMAN Brazil,2027-06-13,2027-06-13,https://yarisradari.com/yaris/ironman-brazil,226.3
ironman-cairns,IRONMAN Cairns,2027-06-13,2027-06-13,https://yarisradari.com/yaris/ironman-cairns,226.3
ironman-kaernten-klagenfurt-austria,"IRONMAN Kaernten-Klagenfurt, Austria",2027-06-13,2027-06-13,https://yarisradari.com/yaris/ironman-kaernten-klagenfurt-austria,226.3
ironman-philippines-davao-city,IRONMAN Philippines Davao City,2027-06-13,2027-06-13,https://yarisradari.com/yaris/ironman-philippines-davao-city,226.3
zugspitz-ultra-trail-by-utmb,Zugspitz Ultra Trail by UTMB,2027-06-17,2027-06-20,https://yarisradari.com/yaris/zugspitz-ultra-trail-by-utmb,167.0;107.0;86.0;68.5;44.0;29.0;16.0
trail-du-saint-jacques-by-utmb,Trail du Saint Jacques by UTMB,2027-06-18,2027-06-20,https://yarisradari.com/yaris/trail-du-saint-jacques-by-utmb,140.0;88.0;55.0;28.0;12.0
ironman-70-3-mont-tremblant,IRONMAN 70.3 Mont-Tremblant,2027-06-20,2027-06-20,https://yarisradari.com/yaris/ironman-70-3-mont-tremblant,113.1
ironman-70-3-westfriesland,IRONMAN 70.3 Westfriesland,2027-06-20,2027-06-20,https://yarisradari.com/yaris/ironman-70-3-westfriesland,113.1
la-sportiva-lavaredo-ultra-trail-by-utmb,La Sportiva Lavaredo Ultra Trail by UTMB,2027-06-23,2027-06-27,https://yarisradari.com/yaris/la-sportiva-lavaredo-ultra-trail-by-utmb,120.0;80.0;50.0;20.0;10.0
torrencial-chile-by-utmb,Torrencial Chile by UTMB,2027-06-24,2027-06-27,https://yarisradari.com/yaris/torrencial-chile-by-utmb,101.0;65.0;45.0;20.0;12.0;6.5
ironman-70-3-coeur-d-alene,IRONMAN 70.3 Coeur d'Alene,2027-06-27,2027-06-27,https://yarisradari.com/yaris/ironman-70-3-coeur-d-alene,113.1
ironman-70-3-elsinore,IRONMAN 70.3 Elsinore,2027-06-27,2027-06-27,https://yarisradari.com/yaris/ironman-70-3-elsinore,113.1
ironman-frankfurt,IRONMAN Frankfurt,2027-06-27,2027-06-27,https://yarisradari.com/yaris/ironman-frankfurt,226.3
ironman-les-sables-d-olonne-vendee,IRONMAN Les Sables d'Olonne-Vendee,2027-06-27,2027-06-27,https://yarisradari.com/yaris/ironman-les-sables-d-olonne-vendee,226.3
ironman-switzerland-thun,IRONMAN Switzerland Thun,2027-07-04,2027-07-04,https://yarisradari.com/yaris/ironman-switzerland-thun,226.3
hoka-val-d-aran-by-utmb,HOKA Val D'Aran by UTMB®,2027-07-07,2027-07-11,https://yarisradari.com/yaris/hoka-val-d-aran-by-utmb,163.0;110.0;75.0;55.0;32.0;18.0;10.0
restonica-trail-by-utmb,Restonica Trail by UTMB,2027-07-08,2027-07-10,https://yarisradari.com/yaris/restonica-trail-by-utmb,110.0;69.0;33.0;17.0
trail-verbier-st-bernard-by-utmb,Trail Verbier St Bernard by UTMB,2027-07-09,2027-07-11,https://yarisradari.com/yaris/trail-verbier-st-bernard-by-utmb,140.0;77.0;47.0;43.0
ironman-70-3-muncie,IRONMAN 70.3 Muncie,2027-07-10,2027-07-10,https://yarisradari.com/yaris/ironman-70-3-muncie,113.1
ironman-70-3-jonkoping,IRONMAN 70.3 Jonkoping,2027-07-11,2027-07-11,https://yarisradari.com/yaris/ironman-70-3-jonkoping,113.1
ironman-70-3-luxembourg,IRONMAN 70.3 Luxembourg,2027-07-11,2027-07-11,https://yarisradari.com/yaris/ironman-70-3-luxembourg,113.1
ironman-70-3-musselman,IRONMAN 70.3 Musselman,2027-07-11,2027-07-11,https://yarisradari.com/yaris/ironman-70-3-musselman,113.1
ironman-70-3-ruidoso-new-mexico,IRONMAN 70.3 Ruidoso New Mexico,2027-07-11,2027-07-11,https://yarisradari.com/yaris/ironman-70-3-ruidoso-new-mexico,113.1
ironman-70-3-swansea,IRONMAN 70.3 Swansea,2027-07-11,2027-07-11,https://yarisradari.com/yaris/ironman-70-3-swansea,113.1
ironman-70-3-vitoria-gasteiz,IRONMAN 70.3 Vitoria-Gasteiz,2027-07-11,2027-07-11,https://yarisradari.com/yaris/ironman-70-3-vitoria-gasteiz,113.1
ironman-vitoria-gasteiz,IRONMAN Vitoria-Gasteiz,2027-07-11,2027-07-11,https://yarisradari.com/yaris/ironman-vitoria-gasteiz,226.3
eiger-ultra-trail-by-utmb,Eiger Ultra Trail by UTMB,2027-07-14,2027-07-18,https://yarisradari.com/yaris/eiger-ultra-trail-by-utmb,261.0;101.0;51.0;35.0;16.0;15.0
monte-rosa-walserwaeg-by-utmb,Monte Rosa Walserwaeg by UTMB,2027-07-15,2027-07-18,https://yarisradari.com/yaris/monte-rosa-walserwaeg-by-utmb,120.0;82.0;43.0;35.0;15.0;9.0
uludag-premium-ultra-trail-2027,Uludağ Ultra Trail,2027-07-17,2027-07-19,https://yarisradari.com/yaris/uludag-premium-ultra-trail-2027,73.0;44.0;30.0;16.0;6.0
ironman-70-3-muskoka,IRONMAN 70.3 Muskoka,2027-07-18,2027-07-18,https://yarisradari.com/yaris/ironman-70-3-muskoka,113.1
ironman-70-3-ohio,IRONMAN 70.3 Ohio,2027-07-18,2027-07-18,https://yarisradari.com/yaris/ironman-70-3-ohio,113.1
ironman-70-3-oregon,IRONMAN 70.3 Oregon,2027-07-18,2027-07-18,https://yarisradari.com/yaris/ironman-70-3-oregon,113.1
speedgoat-mountain-races-by-utmb,Speedgoat Mountain Races by UTMB,2027-07-22,2027-07-24,https://yarisradari.com/yaris/speedgoat-mountain-races-by-utmb,50.0;31.0;10.0
ironman-70-3-boise,IRONMAN 70.3 Boise,2027-07-24,2027-07-24,https://yarisradari.com/yaris/ironman-70-3-boise,113.1
ironman-70-3-desaru-coast,IRONMAN 70.3 Desaru Coast,2027-07-25,2027-07-25,https://yarisradari.com/yaris/ironman-70-3-desaru-coast,113.1
ironman-70-3-maine,IRONMAN 70.3 Maine,2027-07-25,2027-07-25,https://yarisradari.com/yaris/ironman-70-3-maine,113.1
ironman-lake-placid,IRONMAN Lake Placid,2027-07-25,2027-07-25,https://yarisradari.com/yaris/ironman-lake-placid,226.3
ironman-tallinn,IRONMAN Tallinn,2027-08-07,2027-08-07,https://yarisradari.com/yaris/ironman-tallinn,226.3
ironman-70-3-leipzig,IRONMAN 70.3 Leipzig,2027-08-08,2027-08-08,https://yarisradari.com/yaris/ironman-70-3-leipzig,113.1
ironman-70-3-rio-de-janeiro,IRONMAN 70.3 Rio de Janeiro,2027-08-08,2027-08-08,https://yarisradari.com/yaris/ironman-70-3-rio-de-janeiro,113.1
ironman-70-3-tallinn,IRONMAN 70.3 Tallinn,2027-08-08,2027-08-08,https://yarisradari.com/yaris/ironman-70-3-tallinn,113.1
ironman-canada-ottawa,IRONMAN Canada-Ottawa,2027-08-08,2027-08-08,https://yarisradari.com/yaris/ironman-canada-ottawa,226.3
ironman-leeds,IRONMAN Leeds,2027-08-15,2027-08-15,https://yarisradari.com/yaris/ironman-leeds,226.3
ironman-kalmar-sweden,IRONMAN Kalmar-Sweden,2027-08-21,2027-08-21,https://yarisradari.com/yaris/ironman-kalmar-sweden,226.3
ironman-70-3-vichy,IRONMAN 70.3 Vichy,2027-08-22,2027-08-22,https://yarisradari.com/yaris/ironman-70-3-vichy,113.1
ironman-copenhagen,IRONMAN Copenhagen,2027-08-22,2027-08-22,https://yarisradari.com/yaris/ironman-copenhagen,226.3
ironman-vichy,IRONMAN Vichy,2027-08-22,2027-08-22,https://yarisradari.com/yaris/ironman-vichy,226.3
ironman-70-3-duisburg,IRONMAN 70.3 Duisburg,2027-08-29,2027-08-29,https://yarisradari.com/yaris/ironman-70-3-duisburg,113.1
ironman-70-3-zell-am-see-kaprun,IRONMAN 70.3 Zell am See-Kaprun,2027-08-29,2027-08-29,https://yarisradari.com/yaris/ironman-70-3-zell-am-see-kaprun,113.1
ironman-belgium-knokke-heist,IRONMAN Belgium Knokke-Heist,2027-09-05,2027-09-05,https://yarisradari.com/yaris/ironman-belgium-knokke-heist,226.3
ironman-70-3-erkner,IRONMAN 70.3 Erkner,2027-09-12,2027-09-12,https://yarisradari.com/yaris/ironman-70-3-erkner,113.1
ironman-70-3-nice,IRONMAN 70.3 Nice,2027-09-12,2027-09-12,https://yarisradari.com/yaris/ironman-70-3-nice,113.1
ironman-70-3-sunshine-coast,IRONMAN 70.3 Sunshine Coast,2027-09-12,2027-09-12,https://yarisradari.com/yaris/ironman-70-3-sunshine-coast,113.1
ironman-70-3-weymouth,IRONMAN 70.3 Weymouth,2027-09-12,2027-09-12,https://yarisradari.com/yaris/ironman-70-3-weymouth,113.1
ironman-france,IRONMAN France,2027-09-12,2027-09-12,https://yarisradari.com/yaris/ironman-france,226.3
ironman-italy-emilia-romagna,IRONMAN Italy Emilia Romagna,2027-09-18,2027-09-18,https://yarisradari.com/yaris/ironman-italy-emilia-romagna,226.3
ironman-maryland,IRONMAN Maryland,2027-09-18,2027-09-18,https://yarisradari.com/yaris/ironman-maryland,226.3
ironman-70-3-emilia-romagna,IRONMAN 70.3 Emilia Romagna,2027-09-19,2027-09-19,https://yarisradari.com/yaris/ironman-70-3-emilia-romagna,113.1
ironman-70-3-sao-paulo,IRONMAN 70.3 São Paulo,2027-09-19,2027-09-19,https://yarisradari.com/yaris/ironman-70-3-sao-paulo,113.1
ironman-wales,IRONMAN Wales,2027-09-19,2027-09-19,https://yarisradari.com/yaris/ironman-wales,226.3
ironman-70-3-cozumel,IRONMAN 70.3 Cozumel,2027-09-26,2027-09-26,https://yarisradari.com/yaris/ironman-70-3-cozumel,113.1
ironman-70-3-mamaia-constanta-romania,"IRONMAN 70.3 Mamaia Constanta, Romania",2027-09-26,2027-09-26,https://yarisradari.com/yaris/ironman-70-3-mamaia-constanta-romania,113.1
